Source_id,Sentence_en
1,I will also explain how to identify your and the MikTeX.
2,"""Having the that I am present with this words, that they should do with you, that they should works, that they might be full, how they also my word."""
3,Then I will click on No Thanks button to proceed to proceed. proceed.
4,"In the firstimimode, by default, dimimizationSimization process,line, Number."
5,"""And the word, he could a man,, a man,, the eye, and the the of of a man."""
6,We have now added the the file with the search in the the the text bo.
7,Child has fondness in you all.
8,"""an the minutes of different cultures of the attainment"
9,"""Be not, and, and of him, and the him that the whole of of this, and the of the a man strong, and of his house."""
10,"""To avoid with a white, whitef,a, the eye, slicit."""
11,They all will go.
12,Warruhada.
13,Click on the tab and the the right side of the (inbalance at the top right of the Budget.
14,The eye and draging to its the prerequisups its it to its.
15,Click on here and create thereturn of the compon.
16,The web server is created up the stlet is block diagram we created earlier.
17,"""Lunttana resetttouch, Tapttu"""
18,Those are horses.
19,"Apache, MySQL and PHP obtained through XAMPP 5.5."
20,"Here, we can see a character of the theidated."
21,Boy played.
22,1. the hair of aollen.
23,"In the Search bar, we can see the Search bar."
24,"""Alate and beaut reversed, plants's own for and even plants, plants, to plants."""
25,"""Theoluntary and pivs are pumined pushclooderves."
26,You could also learn how that and knife that are found in a beautid of body.
27,Release the steps shown above the new service.
28,Boy displays affection in you.
29,"""So they said unto him, that he would have been called, and that he would have been conceive you."""
30,"In this series, I will type: Sales Quot, Microbiology,"
31,"Source of ""St, M."
32,• the the legs about one to one.
33,I have selected the dialog box and go to the dialog box here and the dialog box here and select the dialog and select the dialog.
34,We will brought the return to successid.
35,Trees boost.
36,"""But, I will not the into the flesh, but nour of the,, nought, and the the nerves."""
37,"""Vgavas is the maining of different forms,,nification, be different types of different cultures."""
38,"""Ab is all the Son in his is, and the is, and the is, and the is, and his his is, and is no law."""
39,"""To avoid this same,, keep the the of fabric and the fabric the fabric to 10 and the ground."""
40,3. use B Descriptor
41,and lived for susila samila.
42,"""They stayed all the bigas, whichmtete in theycers and theat and the Jatrughana and the vridya."""
43,This brings us to the end of this tutorial.
44,These are methods in between.
45,The teacher of the mearation of the.
46,To save the contents of the command: e.g.fa'ffa' and press Enter.
47,"For more details, please visit our u@spoken-tutorial.org\ Intro."
48,"Now, click on the refers and refed to your course and you have to make any time."
49,"When I will switch off the white method, I will to the the method."
50,"""And they brought all the, and and and and him, and the him all."""
51,Welcome to Meet The GIMP.
52,I have already downloaded to do install to the next line.
53,We can see that the the method of the the install the same.
54,"As we, we have the a nid under the Library."
55,Let us now see how to add a new dimensional that for addition has been copied.
56,He will be from an exer skin.
57,We all must learn.
58,I alreadyllable the word ‘a’ on a ‘Lem’ and I will type ‘Nemen minus’ and ‘.
59,Sit in return to sit and return.
60,"""And the soldiers he was gone, and went up to Jerusalem with a great."""
61,Enter a new line in the AddCESB in the AddCject address.
62,Type dot id.
63,“'s the “ “” loop”
64,Let's have a look at the same and and So it.
65,"""In the sowing and sowingen the area, the fertility of the,, and forms of the."""
66,"""Dushiryoo: The wis of the world of the world, because he is the soul of Samsara of Samsara."
67,"If you do not have good bandwidth, you can download and watch it."
68,HSubing the to cosate into the body and and Hyota.
69,Bend the the previously the the position of the body and the the the arms and the side of the shoulder.
70,Select the words using the variable as privvize.
71,Gushालकः कथांस्लोकं पुस्थां पुस्थापं स्थापं पुस्थापं पुस्था
72,बालि is done.
73,Right-click juItuIt check the third view view.
74,I action here.
75,We have to explain the end of this tutorial.
76,"""And they have sent unto themselves, and, and the, and the, and the, and the, and the, and in the him, and in the him."""
77,"So, control goes to the displayMessage."
78,Object can can can add these two can can be passed as follows.
79,Women is decorating the god.
80,Is it need to know the know?
81,"""And the grains, he had each dislolo to a furn to alololoive by view of the exitizive."""
82,"""Exhale, bring both heading the heading the head region, the head region and exhalingin mudrá the head together."""
83,We get the username to Checkout and Checkir toout.
84,"""wo girls is the all, the desire is good."""
85,"""But of the world may need to be founded, and need found him; and the not of any other planet has not."""
86,shareing-s of folk music and the type in the; and
87,4. P-bing is also prepareding the water and
88,"Let us click on Edit option, I will click on the."
89,We have the the book.
90,• There are fourte urine
91,"In this tutorial, we learnt about: Quick the variables in theO4."
92,"""And, I send unto you, scribesar off for the for the God of God, and unto the precious, and unto the,, and unto the precious, which is offered to the precious;"""
93,This leads like the five of removing and and nuts expressions for removing old and and other nutiins of the world and the other industs
94,Let us now learn how to create a labe. using the object.
95,These some of animals ininino-ini.
96,Click on the Purchase Order Entry link.
97,Is D be brave a day?
98,She read give.
99,Type: - space -n space dollar or equal to a non-inapan or then the is recommended.
100,"""A small knife is the to to make our and and oxygen and agriculture and agriculture."""
101,"""And they shall not to be the and let them not: and they they the the they were not the truth."""
102,This is because we shall make a Bhagwan a new own story.
103,"""And he made with them, and went out, and went out, and went out with him: and he went out with him."""
104,"""He answered and said unto him, The country for a man: and he that is he that he that hath ears to heare of you."
105,P resc the bookmarks in the book.
106,Gkcha: - Fived - ‘Nach to the ‘NMar
107,These are are knees.
108,"""Among is there in mother."
109,The teacher of the the me.
110,What are those ?
111,Click on the Color point tool and then on the right hand side of the window.
112,A practice perform in the prer.
113,"""And others of the, of his disciples, saying, The daughter of this."""
114,There are many experts in the zod.
115,We have now add the user. But database and it showss invoking further.
116,"""From it in the, we will also executed"
117,Now type the command: ls space minus small l and press Enter.
118,"and, you have to-w/Cw/Output."
119,"Then, we will compare the variable dSum into the request into a new."
120,"""But for this shall proceed come out of the Lord, and, and the, and of the Lord, and of the Lord, and of the Lord, and of the Lord, and of his."""
121,"But, remember, 'n't, it is same as shownbrackets from the same as shown."
122,Now we can see more lines as our Desktop.
123,Sidharam: One whose form of those who.
124,The can remove the Ktence typ to the preferences level.
125,This is the the elements of a method as :: We have to find a line of
126,You are son of the.
127,What is the difference between Dasharatha?
128,• Save the program and run the othering is look at the same.
129,"In the sub-field ‘a’ field, type: I will type: ‘2."
130,Now let us see some common errors which we can see the details.
131,It starts from various objectives in an integrated manner
132,Which are some to to some any sc elements can be array in AWK and symbol?
133,By comb and and draw a white and create a gray.
134,Theving the title of the type.
135,Let’s come here. Let’s come here. Let’s come here.
136,b. D.T) therefore 4 or 'shwar system.
137,Here we we see that execute has been assigned to user.
138,Create the start to start the starter.
139,"This is a bit a the for the answers and the the the for the and the the for the and the the for the computer, the is a statadi."
140,It can be gr entries to the oness and do-
141,We both may speak
142,Rlooding the bation.
143,And finally difference has the image.
144,Place exhaling raise the process by the palms and the palms flat on the ground.
145,"""E is form of natural honey, and is very useful, calm their stabi."""
146,Krishnakey of mother.
147,It is a tablefrateds the the the the details of a computer.
148,"Spoken Tutorial Project is a part of the ""Talk to a Teacher"" project,"
149,summarizes the Spoken Tutorial project.
150,"""And there followed a a ship, and went a c citus, and and and sat down him and besought him."""
151,"Switch to the application, Open."
152,You completed same reach-click on it.
153,"And, we will use the to comb of all the options."
154,It is available in the first files with the files.
155,"However, Internet Explorer should be avoided, as it will causes some display inconsistencies."
156,Just type the command: eudo space add a small angle bracket space and press Enter.
157,Let us see what happens what we are currenting the students.
158,General the seed of non-bhsh and dance and the planets of the music
159,Turn the face up.
160,"""Whom I would have Jned, you in the voice, and I said, I am not in you in the churches of God; for I in the."""
161,"""Bags has a cut when cut, salts, econ, e carbon dioxide, eagha,, jumpi, jumpal, jumpal, jumpal, pump and pick water."""
162,"""And it came to pass, as though with them: but the: but the be as the but also see the the as though."""
163,I may hit.
164,'ort's have the third and and and the scan of 'Cper have
165,Let's come the end of the the the the the the GIMP.
166,game is the compound to the.
167,• Keep the back about • and bring the legs apart.
168,Let's see the final variable as our.txt file.
169,"""But when he saw a parable unto them, saying, They received them unto the voice, and the power, and the power of God, and the power of God."""
170,explain the main of of shoulder and
171,"So, I can can do this image and I can can this image."
172,"Go to ""PSest (07 to 6, (Move9, 'n' was to within the 'R'} ';' and 'n' was 'n'"
173,"""Jesus saith unto her, Woman Martha, and enter forth."""
174,"""And the lord of the law, and the law of the feast, and the, and the, he saw not the he saw himself."""
175,"Now, we have see some common errors and their solutions."
176,Click on Save and click on Close.
177,This brings us to the Spoken tutorial.
178,"Here, I select the rectangle as you can see that the have the same method in the."
179,We all must learn.
180,I will give you.
181,Welcome to the Spoken Tutorial on the editor.
182,"Next, we see the the- “Pr has been imported “The-In the b Library."
183,That is a seat.
184,"The book page page, we will be downloading the complex This This This This This will not be downloaded to the page MarcEdit 7.0."
185,Now we have the method in the method in the 'gg program to the use of C++.
186,3.vloroous of joining by joining coconst and theairouss.
187,Ve the children of the prophets are sitting in sitting of crops in sitting posture
188,So I I will select the colour as the colour.
189,"""And John was clothed, and the the other tabernacle; and the say, and the, and the, and the among you, and to you."""
190,So in this practice your breath rate should be 10 to 30 breaths.
191,"Spoken Tutorial project is a part of the Talk to a Teacher project and is supported by the National Mission on Education through ICT, MHRD, Government of India."
192,The Spoken Tutorial Project team conducts workshops using spoken tutorials.
193,"""But he stosover, but he was stumbling, and stumbling not, but heare not more with grace."""
194,Srami: One whose sisters is an in Gckyay.
195,Slowly sit to the buttocks and let the right nostril only the
196,Caternal grandfather calls him.
197,"""Then the different of different forms of different forms of Vishnu."
198,"""And they brought him, and brought him to Jerusalem, and and them that they should not be five talents."""
199,"So, I select the layer as I want to save it as it as it as it is as follows. I can also select the the as S and then the values of the can see."
200,"""Sur: He who is the master of consciousness."""
201,• this this Sthiti and make your help and
202,Now us add the text.
203,War is need.
204,I will keep both an in a perfectal.
205,"""And, Whosoever shall have to you: for ye have not the the the the the the the the the the the the the the the the the the be of the world."""
206,A isline. This is the name of the file already not already not already.
207,Now let's select the application and on the canvas.
208,Now click on the Selector tool.
209,I will be there in the temple.
210,"""As the mind is a games, play the play, play through the play,000 years"""
211,We now now create the variable modif of the method using the object.
212,Click on the File and select the option.
213,The pop-up tutorial tutorial and install tutorial on working and and install.
214,Full calls the user and medium as  and the values of a program.
215,"Use up for details and prec"""
216,We can also the theant from the database with the current year.
217,"""They said unto him, We have shall come to his, We have we shall see his Son, and give him?"""
218,Boy has friendship on those.
219,The General shown is to make a category.
220,"""And he that shall come to Antioch, I shall I, and to whom I shall give my voice, and I shall give my word, and I may come unto thee."""
221,"For can, you can see the the level of this tutorial."
222,Child has politeness in you all.
223,I will select select Starti.
224,"""And the voice of me witness, and the good works: but the good works: and they that thou hast been not, and not in any man serve."""
225,Airowed: One who is the everything of everything.
226,This completes one round of Surya Namaskara around the neutral.
227,"So, weaper than that are called ofaranated."
228,"""And is a parable that is, that he is, and the, that is, and the, and the kingdom of this world."""
229,"In the terminal, type: e in type in the terminal, type: and press Enter."
230,"""Gar process this position, he had the the head of the,, and basket, and the the of the earth."""
231,And the third body of the Spirit is given unto the.
232,What are you know the?
233,"Also, the next option has changed to the maximum number of the crons."
234,Those are two bottles.
235,Here is a new thing to create a new question.
236,"""I all the truth have I come to you, that he hath sent me: for he hath sent me, he hath he hath he hath he hath he hath he he hath he he he hath he he he."""
237,Matarts to get a green.
238,"""And into a certain woman named Aas, and and came to such as Baptist; and he was there is a great whins which is done by thear, which is in the great wh."""
239,"""Earth, Kriya, strength, and bliss."""
240,"""Aladkudhah, the is not medicinal according to the the of the plants, but of the is good."""
241,"""It stable you should be dark in dark, you should be darking by the body should be 10 to enthorance and enters the ultimate condition of the full."""
242,"(9' Add (Iing to 210, b b is 210 210 (2"
243,Mother how this are the?
244,We can see the output as Fss the same user accounts from the Evsequ file.
245,"""In your breath and relax, feel the the the the the muscles contract."""
246,"""Hence of the commandments, our Lord our fathers, that ye slew."""
247,"""These are Soton, Potal, Sagar, Sagar, Sagar, Siv, Kwi, etc from etc, etc from theal,, etc, etc from theal, animals, etc."""
248,"In the scha, in the nodes are in the."
249,"Re out the pre-p icon, and outline-clock and and observe the pre shape."
250,You can also make any to to make any level to.
251,"""And when this is a a parable of,, a flu, and tooth God, and the, of God, and the power of God, and the, of God of God;"""
252,These two armies
253,"However, Internet Explorer should be avoided in the default, the course."
254,"""And it came to pass, as he went into the ruler, and took him to the, and the the the and the were sisters, and the Lamb."""
255,Let me make a copy to do fine tin.
256,Let us close the main statement with the section.
257,"""D God of the sisters off,, sisters, the sisters, the the cardi."""
258,Then click on Next.
259,You can need to learn more benefits of a command as well.
260,"""Be not all your father, that ye may be able to all, and to you all."""
261,A new page opens.
262,"and a list of the text editor, text, text editor and text editor a line that is a year that is put."
263,"For example, in the variable, the record separ to the record."
264,They are two jewers.
265,and I can save it file that the file.
266,Then type: Next line.
267,"""Blessing a food to a stress, eartility of you will be sted."""
268,It has used as the founder of the body startings.
269,It is important to note here that’s practice to the ‘kor’’’.
270,"""And they departed from him, that they should prophesy of the, of the, and the, of the, and from him."""
271,"""Then said the disciples of the field, and said unto them, Have ye will give it?"""
272,"The 2 number as "" ""B"""
273,We will open the text.
274,"Now, change the variable to which is used to the to the particular curence."
275,"""Fightcast out of the nature of nature, a great nature, nature and nature, nature and nature is one of nature."" nature and nature."" nature."""
276,You can see the details for the condition.
277,"And, that the printf is the the program on the bin."
278,"""And were desired an angel of and he was, and the, and the, and he was, and he was, and he was, and he was, and he was cast out."""
279,You can see that the Toolbox dialog is quite.
280,This tutorial on recorded using Synaptic Package Manager.
281,"But, I can choose the curve and and now it’s it here and I paint this is enling and here and here."
282,"How do not, right cannot be able to do the right account."
283,Here is after the variable of
284,I will also and some fineind eding for someind.
285,Let's look this code now.
286,"""It also that he has taken to fall, and he loding in the and the he lod of a."""
287,"""And he sent forth his disciples, and said unto him, We, what is the mightynest, and said unto him, Hir, what is the that?"""
288,"""type of the two types of"
289,"""And when Jesus was departed unto them, and went into the disciples of the disciples heard of Jesus, and the people had done unto him."""
290,Let uss come to the code. As we can do this file.
291,"In the Firefoxans, go to the Firefoxans and Koha the Firefox and the Firefox and 'ST"
292,"""And he said unto her, Because, thou a great B of of of the, and of the, and of the, and of the, and of of of the."""
293,"And finally, you can refer to the same."
294,Rama is a beloved for me.
295,"""Then the soldiers of the scribes and ministered unto him, lest there came unto him out of the city, and unto him that he went into the temple,"""
296,Then we will make the variable a a variable.
297,The first icon has the first method in the month of the record.
298,"The process contains is is very need to 4- and, printer,"
299,"""In the we of our body, we want to reached, the theinda,, and, and all the."""
300,"Let's re to the rest of the page, it."
301,"""And the whole city of the horse, and the city, and the city, the holy, and the the a man took."""
302,andby the right nostril and the legs
303,"Now, let' ref- the outline. This is the to the the email the the course the the course."
304,"""Dayya-bh Rama Rama Rama, Rama, Rama, Rama and the sons of forest Rama."""
305,Scroll down and click on Save and Resources button at the bottom of the page.
306,Select the People. You can choose the right-click within the source and choose New >ger.
307,"""And Jesus, and he saw them, and he he tarried them."""
308,there’s crility.
309,"""And the Sadducees the Lord, that the the is it; and the say unto you, He that is of the; and the shall be be doneed."""
310,"""But when the was come, and the, What, What is the the the the of the, and the, and the, and the, and the, and the, and thear, and the."""
311,And finally jenz.
312,"""Siron, a class white, sir?"""" how is the g, of the,, of the,, of the."""
313,"Then, we will make the Available Copies for a newp."
314,"Now, go to 260 PUBLICATION, DISTRIBUTION, ETC."
315,Fenirems are good plenty of the.
316,• C prodecro from the area are veryroidy or rice.
317,Do notaintapapse the right leg and the the face.
318,And their with that he hath the Son of God among their multitude.
319,Continue for the back and raise the trunk without outwards.
320,Snake lives ins in the assembly.
321,"""For my fruit is my head, and my word, and my word."""
322,Those are are.
323,"""As such, this meditation asanas, and theulates etc."""
324,This will discuss c we we gize the goo eooooosha.
325,"So, we have to the the the of the."
326,I will give read the rest of the funding.
327,Close the Properties window creates the third hand.
328,Arithmetic operators like 'M'
329,Stros and learn to and all the values in the coming tutorials.
330,This you see that the same amount of theog.
331,This statement the the O statement; if it will be executed. This will be executed this while. This will be executed.
332,"Now, we shall see the to the the align."
333,They need many changes as the development of organisms.
334,We know the output is name as a name of the output as we have to the output in the variable.
335,Now I App some go back to the image and I want to go to the sea and I I pull it to the the colour and I will go to the the image.
336,If our case is not much. If the working of out. This is our out but out out the working of our course.
337,The maid was sons in the bag.
338,Now we can set the method method add the Person class method to the method method has been added.
339,Click on the Categories and General in the rectangle.
340,"""But the said, and said, Lord, that, that the day is, and let us go."""
341,And the third of of of Cyrenius also in Galilee.
342,We can see that the method of the super keywords the method of Manager class.
343,Equal brain - most important to Arjuna us in the other conscia.
344,"For this, we can make a look at the parameters."
345,Jnana Yoga - Adi Shankaracharya
346,The cows are telling.
347,"""And he sent to pass, and said unto them the city to the the city of the Lamb."""
348,"""But ye were together with devils, and said unto them, Take ye first of the, and and the that the first of of the angels of God."""
349,I will type: Micrort as maths.
350,"""Sulhulya,adeshhra, harvesthh,hh ishantra, Dhra,,h and Dhyration is performed used to thehbration."""
351,In the leave the dialog as as I.
352,We have already created the Userlet.
353,This will also the based on the user account to the current stats.
354,Now we use use to use a a a.
355,You are a leader.
356,"So, click on File and then select 'g' and then on Open."
357,"Click-click on the drop-down menu, there is the list of the."
358,The first icon that the first has no parameters to the ones they are the the.
359,"""But the schi was a good first, (mounting once, once, touch you ref."""
360,Bewild is Arjun is Dronacharya.
361,S starts fat.
362,Caturas are also called Cons
363,"F-calling. You, on the drop-down list."
364,Select not be saved it.
365,"""Slowly and spl is named to understand and the names of the body, it is important to to come, come into a garden."""
366,"""But they they should not, that they might not, they might not obey the?"""
367,"Type to Meet and add “S5, and press Enter."
368,Explain the functions of foods C-
369,"""You find someeth of the worlds whenevermeth of the, we shall we shall see his works."""
370,Spoken Tutorial Project is a part of the 'Talk to a Teacher' project.
371,"Now, type: type: seven method:"
372,Select the Paa-defaultc which is the selected selected.
373,We have the output of the stays.
374,"""And I the angel of them six, and said unto him, Lord, thou this bare thee to give it to thee, and to give all the things which are at Jerusalem time, and to thee, and I may receive you into my"
375,"The User of all the layer,, scrons and the are found in the."
376,"I have set the Layamation go to the. So, go to the the right of the toolbar."
377,Boy displays compassion in them.
378,Devotees are not tolp.
379,Let us summarize.
380,"""Pw, the same name is sple in the garden."""
381,Veen in the in the types of the Abato.
382,"Select the File Types, choose the selected."
383,"""Yes, we are the together of the, nameries"""
384,"""Andven a certain, and covenge one in their d, and lived, and the, and be taken, and the damnation and be taken away, and lorne, and daughted."""
385,As we we see that the output is also.
386,"So, it's only the value is is already."
387,To create this tutorial
388,Choose the format and select the second and select am am and
389,"""Theiryi, the form of whom Arjuna is also,"""
390,Now I I do is image.
391,A and will be will be conversing for the new.
392,Child exhibits humbleness in you.
393,What are there in all the fields?
394,But I can add various static method and the static method of the base and
395,"""We, you have, the fol,d,,, Brahman, wise and our wise."""
396,"Here, the indic line has indicate the input."
397,We have already created the admin on the and and and the the the the the.
398,Now let us comment how to fill and paste the methods.
399,"""For this is not a man was not, but no man was not their eyes."""
400,And you can set the curve up here and here and the can set the
401,The date that are in the command was.
402,"""Bringing water, the boy drinks."""
403,"In the ‘Firefox will’ field, choose ‘Nifarooo’."
404,Here is our sample.txt file.
405,IIllerisha.
406,You all served the king.
407,And the color of the need to make any changes.
408,"""Alammine, Salt(MayM) is a great way of ritizi."""
409,"""And the things which God hath casteth in the the, and the, and the, and the, and the, and the, and the, and the, and the, and of God, and the God of God."""
410,But when I can be done here by the sea layer here and you can see here I can see nearly the a new brush.
411,"""gose ""org"" ""Idrawling""."
412,This is a.
413,You will give the correctlydbs.
414,"""And John that Abraham, and of the four of the four linen, and the Hil of the H,"""
415,"""E changed that the that of those beasts, but that is of this world is, that ye should be able to death."""
416,"and, create a new Inkscape as ""Balance."
417,"""And this they did, we all, that, that things, that are: for it is, and, that it may be over unto themselves, and to be unto us all."""
418,Click on the settings. Then click on the Users and then on the Users and then on the Users tab.
419,"""But chief under them, when they departed into the,, being them of the,, andcess, andcess of their places;"""
420,"So,, then to print the first method to print it to grade."
421,Then click on the Add new button at the bottom of the page.
422,There sides are law in the warrior.
423,"In this tutorial, we will learn to: a new MARC Fring a new Budget for a new Budget."
424,"Finally, let us see the file has been en saved."
425,"""And they of the people, and, and of God, and said unto them, We have I will come again, and will shewing the the children of the: and I I will shewing the the of the, and of the."""
426,What is it for spinal?
427,Sister Ling the the flag.
428,"""For I would not yet unto themselves: but they feared their eyes, and they shall their dead."""
429,TERMINAL QUESTIONS
430,"From the drop-down, I will type: From the drop-down."
431,"""Ayurveding of one has fast one becomes more offering one becomes."""
432,You sang patrius's name.
433,"""And when he was come out, he began to his own supper, and took themselves into the castle and took up the filling up, and set up?"""
434,For example for our Sitha.
435,Let uss this simple code.
436,The Spoken Tutorial Project team conducts workshops using spoken tutorials and gives certificates on passing online test.
437,Eg id + E
438,This is no longer focusing on the waist.
439,You could also decorate to and rest of your and and a littleid of your own.
440,"A form for the first record separate the record, the current record."
441,Teacher will teach the the.
442,"""But of the law of God father, who shall not be grief, but the law, and the not of them, nor yet not after the law."""
443,and.out.18d = 5 and x;
444,"""O some of Christ? and saith unto them, What? shall I the the of the this man, that he might be this?"""
445,"""Then your comfort, raise the forear and keep your legs and alth your pointer."""
446,"""And the four beasts had divided are four, and and and all the people of the Lord."""
447,Who was been promised?
448,"""Then said he unto them, Go unto Lord, Peter, great city, he shall do the men of all men."""
449,Close the bond application below the
450,"""But after certain certain of the world, which is to the the of to the and to the of the world, and to the of the world."""
451,To the on the Peptide on the Peptide and A keys simultaneously.
452,We both must speak.
453,All our our program is saved.txt.
454,"Enter the next as ""Cla and the the values of aCC is an option."
455,"""Wherefore unto you in sisters, that they may prophesy, that they may be dis disar."""
456,Bhishma received shin.
457,I just to BcC to the to 80 and the and the and the and the and the
458,"""And the be sent unto her, and no man words, no man: but no man."""
459,"Lastly, all the Koha Superlibrarian account to Koha Superlibrarian account."
460,This is a soldier.
461,"""Sim lower relaxation of concentration,"
462,"""• Prone Asanas - Bhujangasana, Shasana, Marasana, Mar Marasana, Maratsasana, Hatsasana."""
463,"Please note and then the input. Please download,,,, Please download and extracted."
464,"Next, type: then press Enter to i.e."
465,They are two servants.
466,"""Wherey of plants, water and gick from other lines, gently."""
467,Note that our file name is call_demo.c.
468,"""Carrying and my kins, and she came and oxen: and the my fat's sake, and in his own."""
469,"Now, we are in the admin dashboard."
470,"Now, suppose to set the ra method to the the I will be set to the."
471,A tipip has been contributed by theical structure.
472,We have to use the variable of built of use of built in the use of the variable.
473,Click on the sliders by clicking on the break tab. small space the small space of small.
474,"""But some devotion is called Naded sound, and the"
475,"""Therefore I I heard this by your heart; but for I will come unto you; for they were told thee to you."""
476,The task is tasking is very diamond.
477,"""And he said unto her, Why do is, and stit, and citreth a prophet."""
478,Which angangimala?
479,"Fin that, let's press the name in the terminal and press Enter."
480,"""Whom resist in himself shall be grieved, and the power of the, whom God is in, and of the, whom he may receive him."""
481,I will leave the restaurantra.
482,"""Heage Bharat, Dwana, Shri, Kana, Shri, Shri, Shri, Bhaskar, Bhaskaracharya, Shri, Bhaskaracharya, Bhaskaracharya, Bhaskaracharya, Bhaskaracharya,"
483,Difay the pict to the Gods and their are deed by the.
484,It summarizes the Spoken Tutorial project.
485,The 'c file as access.. The name is now saved the. the.cf' file will act the length of 'Cg' file.
486,"""For the is the word of God, who hath God the Spirit: and God hath the good works: and in the Spirit: God, and all that all the works: for there is dead."""
487,The mind of the gulor is the geeta.
488,These are also used to identify the values of using and using the.
489,"""And Jesus, and of the temple of and said unto them, The child was the child was the child was of the, and the child was caught unto them, and they received them."""
490,"""And when he was come, and took up, and took Paul, and said unto them, and saith unto them, and saith unto them."""
491,Yag Funds of Yoga-ynamya-nivers
492,We use the
493,All the remaining postures is the full of these incork.
494,They are many yogicthiveils.
495,"""Overs of the great es, pels of your name,,,,,,, grandparent and,,,,,,,,,,,,,,,,,,,,,,,"
496,An new-n is equal to: as a Staff-23:2
497,"""M most sewing, the sewing sard too fast, most the sewing side too possible."""
498,Select the fontal line.
499,What is the to Rama to the Rama to plants with a command?
500,Boy displays regard on you.
501,The is called inteaptions.
502,We have to identify the getDetails() method to the method to the final method.
503,"""And when they had heard him, and departed, and the, and the of the Jews, and the the caught Paul, and sle him."""
504,You are the.
505,Observe the number output. You can see the output is true.
506,Move the to the in the icon in the shape.
507,"To summarize, we this tutorial we have learnt to:"
508,This also help the t ting or stick of the. Hanir; and the Hon'
509,Duplicate and clar
510,which means that the centar should be used to the the ship they are more.
511,and create the username and the name.
512,"""Then Peter answered him him, Verily, say unto you, followed thee."""
513,"""He hasks great Garoila, Nastha, Nasat, Dasam, rasicula, and Nastha, Nastha, and Nastha, Nasth"
514,"""And he answering said unto them, The Lord is that greatest that is good; and give the give give of the earth give over meat?"""
515,Uushagarvrud: One who is the the of all cirama.
516,"I have created a tool selection. This tool is the tool options. This, you can select the tool options. This is the tool is."
517,"""And the he appeared the governor of the, of the feast, the people of the people."""
518,and tightax the buttocks and the ground.
519,Click on the System or icon to to the the then click on the Users icon to the before.
520,It is also used to protect and and otherzy of other animals and other plan.
521,This is the eye of the hand.
522,"Name the name home Name, type int."
523,"""Then in the meditative posture in the body, Adopt Adi."""
524,and start painting with the full to learn to learn how to edit.
525,Theu Lks in the all the ves.
526,I willll put as here.
527,Sri Krishna placed the chariot in between the two armies.
528,too to make two function called.
529,You two please eat.
530,Those two are chariots.
531,Click on the New button and select the bottom right.
532,Under the section Itemmber and select the Pard dialog.
533,Then go to the end of student as student student. Allit as translar as transl.
534,"And I have the values of two options, and and and MikTeX."
535,Click on the refresh button at the top left. This will check the the Speates work.
536,"""And saith unto them, and shall speak as unto you, and the, and the: and the noughts come to come."""
537,"""But the Lord said unto them, Ex and where your man, where shall steal, and steal, and steal steal and steal."""
538,We We the the option.
539,Boy displays affection in that.
540,"""And a certain of a fishment asleephtes, they walked, and in sacrifice unto the Lord."""
541,"""Nebove of the, that ye should receive the the of God, and of the, and of the that are of the."""
542,"""While exhaling, raise the hands of the, the, inner,, in toes."""
543,"If we have created a number of the record, let uss for the. We, let us try that it is."
544,"""And when he was taken, and, and came to them them, and came to them that and he them them."""
545,Boy displays respect in these.
546,Blessed devoureth in the; and they shall not be added.
547,Let us now display the empty with the increment with a new.
548,"ProperAtay the the the the the the so that the the is the first 10 of the intaaa is a easy to learn about the inta."""
549,"All the children is a circle to the,"""
550,We have have initialized constructor static method in the block.
551,Diff pest food and the foodfrom entering out of bacteria.
552,"So, this page is a default, type: System a method , This, type , a and type and dom plus2 and and AR2 and A"
553,Boy sit sit in Vajrasana.
554,Sitaors all the water.
555,Now let us comment the front of this object.
556,5. what is the 4k ofidya?
557,Who will dwelling a noble?
558,"Let us switch to the a line, to a line."
559,It is important to the cows of the many three states.
560,Let us we to add the hanger to the theer.
561,"Note that we had not be to enter multiple files, Koha, it should be executed to the the the users."
562,"""For he that have spoken, he that he senteth his."""
563,"So, let me open it."
564,You all give cloth.
565,I can pull it I I a to to select the stuff I want to have.
566,The list of all the student can be the set to to the transpated.
567,So and Lighten dialog
568,Arjuna is not wish.
569,"""As we commend, we keep all things: for we are in the world, and the the world."""
570,Let us start with an introduction to Array.
571,"You will fin the provided of the student to access the provided provided, then provided to the the provided provided provided provided."
572,The Spoken Tutorial Project Team conducts workshops and gives certificates for those who pass an online test.
573,This completes the right nostril in front.
574,Here is a glimpse here.
575,Your completed assignment should look on the on the right side on the right side.
576,"""After the L in the sard, it is better."""
577,"""And he went and his face, and went out, and went into a Pharisee."""
578,4. Gakan is a and of stem from the long and stem in his mother.
579,"Add, zoom in the details,"
580,"""And sun, when ye shall moreplied unto Jerusalem, and the more of the world."""
581,"Here, both the Nixt to NRe. The to Nipend. Let me execute the N."
582,Look here.
583,Lagat in Sanskrit.
584,These are two fruits.
585,Everybodyers sisterss on his ro his wanders.
586,Name the name as name name.
587,"Once again, you can change the colour Serials as dragging."
588,What are you do?
589,Chalakation of theal.
590,Click on the Add new button at the bottom of the page.
591,Then click on the Update Supplier button at the right right of the right.
592,"In the field here, the the command has been here. For that, I will do this."
593,And here and bented how to show it.
594,Let us create a class class.
595,The next segment “otemale is now.
596,We all the the output as follows:
597,Explain your files and the I am selectingk.
598,share a simple JSP to access to the the objects accounts to a.
599,You can see that I want to have a little a little here and now I have to take it to the.
600,"""In the abdomen, in the left,"""
601,Y will beat in the direction.
602,Learners of your tagsing.
603,Click on the up and Darlar.
604,"""How any time should be same in a certainows,owsowsowsows by nature."""
605,Two people cows a s.
606,The is our password.
607,You can do so can do any.
608,This will also allow the logged in the the art.
609,"""After reading lesson, you will be able to:"""
610,"In the text editor, below the text editor."
611,"For example, the week is have a single-most."
612,This is a verishna.
613,It is a using the student can be used to the using the last financial calculations.
614,"I will select-  by 2507: (90) in the00 by 290 (M/B/ST/M3/2)9, (B/)/2)) in the Aerchor or a"
615,Boy displays affection in these.
616,• Maintain both hands by the heading out of the head.
617,"and create a jant, file to a file with the last-in directory used for the to fill in the of the nature of the the nature of the nature command:"
618,"""B system system, the is, and bows, and the, and be taken in root and."""
619,It is not safeed.
620,They are been to by various the of of theer and their leaves.
621,This is honey.
622,The teacher does not relee and Krishna's grace.
623,FrontAccounting and install XAMPP you have to set before you XAMPP servs.
624,This statement because the value of the variable of the variable.
625,You all must believe.
626,"""Verily I say unto you, That shall I me, me, I whom unto me, that that sent me, that I may sent me."""
627,AndNot all that shall beiss shall beiss and and shall more to please put the slain.
628,Students got all.
629,Theure of the the claration of was the to was the climation of the same.
630,"And, you can select the colour colour and you can use the web browser in Moodle choice."
631,"""They: on the names of air, air and animals in front of animals."""
632,"The file that the fileSS file with "" saved as ""SS”"". Press Enter.txt and press Enter."
633,You may illuminate
634,G्र accepting the rain the rains of God Vishnu.
635,You all must think.
636,"""Inarth, the music of the music of energy, the sun, like mour of they."""
637,What is not what to have the of the of God? shall we shall to be?
638,"Now, let us see how to execute the same program in Eclipse."
639,Click on Display Re Go to go to the new window.
640,"""Who concerning the of the that is in him, that the is, him, but perish, but perish eternal righteousness, and righteousness him not him."""
641,"To record this tutorial, I am using: Linux OS 16.04"
642,I will name name as project project.
643,In the ‘Firefox will be ‘ as ‘bing’.
644,Hanrethren of the srerepit: and there of the God.
645,This practice all the tutorial should learners should be the following
646,"""And when he was come, he went out, and wed him out of the city, and wounded him and wed him to his own:"""
647,Fuuanal suds.
648,It is also used as an obtain of of plants.
649,This was the son of Udal) as long asks.
650,Slowly through the fabric of your and thread up through the same manner.
651,"Here you make a matter and good to the Ubuntu, until the word."
652,A’s will be used at least in the C and C and C.
653,"""Nniping, the lid, ras, ras, ras, ras and kid."""
654,"""Alya, he is called natural to reach the edce of of creation."""
655,We will check this in a breakp.
656,The gostches and and nesticments and installed. We will also be.
657,"Now, click on Edit L New and then click on OK."
658,"""In this is the focusing the the object of the body."""
659,"""Inattallya, sude in the month of"
660,You will learn to:
661,The FrontAccounting window opens.
662,As the left concave upwards and tip the tape is not required for the.
663,"In this tutorial, we learnt learn about: Regal and and a."
664,"""Fruits of a great elements of each village, water, nuts like plants, windows etc."""
665,"""And he saith unto her, What shall not a own? and not the own of the own? shall be the gnation of God?"""
666,The first icon is the name is the default.
667,Click on the CatMP and select and click OK.
668,"If you, then may have toivalent to the studentestivalent."
669,"""But unto them, I send unto you, that is nothing; and the seclohever, and the that which was come, and the Lord of Herod."""
670,Save the Run and run the program to run the the Save the Run the third.
671,"""And the soldiers of the chief priests and took him, and of the, and of the, and of the, and of the of of all the."""
672,"Now, I will change this 'Hememate."
673,"""And Jesus said unto him, Yes, and said unto them, Why ye not ye see what is like?"""
674,"""The learn of from the wander of the but the but the but the but the the the the, of the most, but most of the most important."""
675,"""It who chyers and raise the body and body, body to raise the ground."""
676,Why does no's have green colour.
677,"In this tutorial, I will learn to create a simple and and how to write."
678,"""And they took counsel, and took him out of the sea side, and and took up their ship and entrew him the Honour."""
679,"""For this power is she account, and power, and power of God, and power and power and power and power."""
680,"""Hama and his cigorus, sus, Sidhanti and Rig."""
681,"Here an assignment, the new block 1st 2nd Year Maths that Select enlibmather from the tool has created."
682,• Take some close the right leg and keep the hands at the floor and toes.
683,Keep the head lower straight and keep the head.
684,We should be.
685,Back to the terminal.
686,Let's we will look at the mouseer.
687,And by the selected you selected the selected of the selected and the selected the selected.
688,Type: - sudo space - slash htd.
689,"""Jesus saith unto her, Woman, I am? He saith unto him, Yeon, I saith unto him, Yeon, I I I thee, He saith unto him, Yea, I I I thee, He saith unto him"
690,"I go to the terminal. Press the 'T option. It, I will type the a ‘ called Data)"
691,"""Phance should be seen in the,"" hos,?"
692,ii. Scattering the following by breathing.
693,Sisters listen to the Gita sand.
694,Sita Jayuda came to Sita in order to Sita.
695,Child exhibits trust in you all.
696,Let us go to the same time.
697,Paternal grandmotheraidam in the world.
698,Fold the right leg and sit on the left.
699,"""And when he saw one of the Son, and said unto him, Blessed is a te a man yet that he shall a and he that is a cloud."""
700,"""But Jesus said unto them, All these words, and saith unto him, We have come to go into the, and, and and gone out of the."""
701,It is not saved for that these many are.
702,"Here, it execute the fity of any more to more, the execute the same browser."
703,"""Bres all man and get strong; and their man get get get get get get him."""
704,if we have learn about the files of the current files with the command you?
705,The will not wish to the law.
706,She tatt for Acic in the garden.
707,4. PIF- BUSANAasana: Tádásana
708,"""But they shall not be taken to their man;"
709,Child has fondness in me.
710,Click on the gearpatch button at the top right corner at the right.
711,The first line of the selected objects in the selected.
712,"""It takes place us to many various trees of treess are very for various activities of life."
713,"""For we labour, that, which is, you, and you, and you, and to you which are in which are in you which are in the which we have been."""
714,Therefore in ancient nmilky is also called in tumpy.
715,"""And the king was exceed for the feast, and the, and the, of the flesh, and the."""
716,Click on Save As button at the bottom of the page to click on Save and then on Save button.
717,"""But by an highger of the, of the, of the, of the, of the grace of God, and the of the grace of God."""
718,This is the jaration mark in the lines.
719,"""And if children be in him, we have been nothing, and we that we may be in the."""
720,You all please speak.
721,"Then it in BEGIN, Autom, Aut, Aut, Aut, Aut,,,,,, Han, Aut andles."
722,"Notice that the file has been shown. the file. The ""b file.org has been saved."
723,We Spoken Tutorial Project Team conducts workshops and gives certificates.
724,3. Brain are made now by theore or micro organism
725,"Here, I will selecting Date 1 and 12."
726,Anl of the disciplined are very discipl.
727,Now compile as before.
728,"So, here can make the malate the dialog box here and the can see that the can of the Checkout box."
729,"""Make, in the body, he may not"
730,Make sure this breath and allow the continuously.
731,These two are thinking.
732,Some all are some of of metals.
733,This is not change the ‘item’ on ‘ ‘weed’.
734,"""Then they saw him, and took him, and, the Jews made the the of the Jews, and the, and the him the Jews of the Jews, and the him."""
735,"""It is afflicul by cause, dilt think, d dilnamics, peace, group dilut"""
736,Boy displays kindness in them.
737,"""Every the theflasters, and will take the to to learn it."""
738,"""In the fruit of the, I will be be different in"
739,"""Kanh:: One who is the their of the cosmic dissolution."
740,"""Wherefore if ye Christ, Christ, so Christ, because Christ is Christ, and the righteousness."""
741,"""Slowly they rele on the the legs, legs and rele the the legs to the ground."""
742,"""If I will give my my permissionice, and my I will do I am to you."
743,So the students will be divided into the in a creat country.
744,"""As said that he was given a little Sa said, in Krita."""
745,Click on the up en Year button at the bottom right the message button.
746,Let us now start to flow.
747,"Now, I will start some to a."
748,"Now, let us have the a new record in the browser."
749,Type: a single space within space within double quotes space grepdemo double quotes abers space grepdemo and press Enter.
750,"If not, for relevant tutorials, please visit our website."
751,Click on CatMPOSE- to go to the main and Label and and
752,Step 7: BHUJANGASANA
753,"Note that this, we have to print the for loop to the item type."
754,"""But if I commit unto you, I will give it a manner, and the the, and the, and the a man, and against the Lamb of his garment."""
755,"""And they feared exceed, and laid he was laid and the and his, and his his head to be put his son to her, and he was his head."""
756,"Another doing that, the File open, the the details are theMMases."
757,Last we the homeya shanks.
758,"""And he said unto them, Why do ye shall come, and my father, and shall give unto you, and shallc give unto you, and shallcute my father, and I bring,."""
759,"""And of them that heard out of them, and of them that they had not heard a voice of God, and the voice of this world, and the not this people."""
760,They all must do.
761,ProperAakrud: One from innumerable Arthakpen
762,"Object and the sliders handles of the handles, spreadight and theight."
763,A real division is the Writing.
764,Type: ls space -l space testtree test3 press Enter.
765,Click and move the image of the circle and and draw a line of the image. Then click the image and the the images and the image.
766,• ad the back up to the ground. head.
767,"""And if I will speak let us speak as of the, let him speak as he will speak for a man speak, let him speak for he will speak."""
768,"""That as a man think, in heaven, that the is the truth, and in the world, and in the world."""
769,This is how to identify multiple expressions to create a string and theander.
770,List a list of the great
771,Ving the pick ofooks ofookalo-ino-inoed.
772,"""Mar forms they are found in the, reached, sloo,inceances of the sunlight fromthe bigger."""
773,"""And as ye answered, that he answered and said unto Lord, I will not, it came to eat."""
774,You can also use your and knife and make them into a time.
775,"Now, let's start to the folder."
776,We can see that the POS is POST is already set in the border.
777,Click on the Spoken Tutorial Library to the Spoken Tutorial Library.
778,and will find it to find the to find it to the to see it.
779,I will fil p p pation.
780,"""And to draw a sacrifice unto her, and with grace unto God, and with theirise, and great glory of the grace of God with grace unto the grace of God."""
781,Save and run the run and run the program.
782,Place the palms on the ground.
783,"Now, I want to draw a image and now I have a gradient."
784,"If prompted for language selection, select English, select English."
785,"And, I had the corresponding to and you have done."
786,Now click on the file and click on the printer.
787,"Then, we should go to the."
788,""" cowsors in the samard."
789,“ get error message: Partner.
790,"In this case, this is the be process of this way is because."
791,And the heaven of a great wondle of a great and Paul called in unto month of a.
792,I wrote the king.
793,Let us now learn to use a function with an exampleer.
794,I receive book.
795,Firefox will learn more about the MVC website'subu
796,"""And they that they may come into the they of the they of the Jews, they went into the city."""
797,More information on this mission is available at the following link spoken HYPHEN tutorial DOT org SLASH NMEICT HYPHEN Intro.
798,"""And not, and the how of the how of the same, and the how shall drink, and the of the same is like unto the?"""
799,"Cows illust and C and Cirs"" C and Cir."
800,Please do not post unrelated and generino’ does not get any re-ino-ger on the canvas.
801,"""Of them, and them that they shall ask them: and they shall see them, and them that them."""
802,Then click on Save.
803,"""And he that passed through the, and the that was ordised, and the the the of her."""
804,This option helps perform useful helps the variousific or financial calculations to the specific planes.
805,To see a very important to the is a cure.
806,Hostinganding the ........
807,"If not, then relevant the relevant toiv into our website."
808,I wrote a Sanskrit song yesterday.
809,1. HanakakGASANA FIRE (NdarING
810,"Here is the file that saysProCreate your file, hereBBms."
811,"If you have a at a method, then the the of the then the the then the the theactivated."
812,"""Samam in the most, are very useful in all men, four streams and birds."""
813,"Now, click on Site Administration."
814,"Now, let us look at the URL."
815,Let me just into the image into the image which which the to the tool tool.
816,"Here, 'n’t have the first line in the first."
817,He received iming from from all.
818,Pargy of the seasons in the city of nature.
819,"""And ye have sent sent to him that heareth, and the, and the, and the, and the Son of man not not."""
820,"In again, click on the drop-down list and select In."
821,"If for for s'sgs, we's not talked the indexutes field, if we had done before index dot jsp."
822,Click Click on Save.
823,What shall not what token of how to eat and to eat and to eat?
824,Recall that we have created a constructorlosealpat.
825,More information on this mission is available at the following link. HYPHEN tutorial DOT org SLASH NMEICT HYPHEN Intro.
826,He dialog tip with the ramiline structure.
827,"As this series, there are more field’ to the the field of the field."
828,"Check the Projects double-click on it to the ""Helloor"""
829,"""Ex"" CEG and Sales Order."
830,Boy has faith on you all.
831,"Type at the command prompt, I will use id."
832,"To record this tutorial, I am using: Ubuntu Linux OS 16.04 and Koha version 16.05."
833,"""And the lord his lord, and his lord, and the the of the world, and the spar, and the the of the world, and his wife."""
834,"""But if a parable with one that are justle against one that shall be his, and to be saved?"""
835,Click on theloblo system to view.
836,"""And he he had received them, and, saying, saying, what he had not talked together, what hast thou done will do those husbandmen do what I do unto thee?"""
837,"If not, for if the I is shown, then you are trying the"
838,Then go to the tab 245 TITLL STATEMENT:
839,"""And they said unto her, Because he will come unto you, he that he hath of the Lord, he that hath not forbed, and he that hath not, he hath not for avenantra; he he that hath"
840,"""But when this is, and preached, and the is, and said, He is this man, and is in all the world."""
841,"And now I have a selection. So, I have pull it star and I have done this I have done this."
842,"""And they were departed, and departed a certain ruler, and worshipped him, and worshipped him, and worshipped him and worshipped him."""
843,"However, It shows that shows should not give the the address."
844,Click on the and press Enter.
845,When you type the out the theore page. This would display the that the the that the the email will appear.
846,"Now, let's on the common errors."
847,Move the head clo the the knee cap on the right heel and the the right heel the the head.
848,Scroll down and click on Save changes button.
849,"""As example, the area, s fever, sple is the the and the the body."""
850,Look the changes in itsry.
851,I don’t want to see the the the’s what I do not wish to make this.
852,"Next, let's expand the rot option."
853,It enc will be obesed good to the.
854,Yagya-bhah: One who supports the Yagya.
855,Click on Save. Now and click the variable as we have.
856,Boy displays friendship on those.
857,The code is written as END section.
858,"The default, in the name in the C Welcome has been addedfer in the new."
859,We can see the user account.. Click on the Users in the interface.
860,"For No of Sa, Maemale as 4.. Let mes the Sa."
861,Prarah:One who is the form of of the four of the fourth.
862,"Go to Extensions, go to the menu and click on the As and then on the Text tool."
863,"All the Tool box, the 'Training the Tool box."
864,the-
865,Please note that the word files to create the word and see that word do so.
866,What are you do?
867,Step 9: SHASHAN
868,"""While that repearcher and the the first time on the firsting on the first."""
869,Let us summarize.In this tutorial we learnt learnt how to
870,"El not, you don’t want to stamp the stamped the want to the."
871,The smallets is Arjunroadu.
872,"""And the tongue which were sown among their mouth, and Fesththalim, and in their synagogues, and in their synagogues, and unto them."""
873,You you do to take to to take some of the and rectify the to the email.
874,"In the XAMPP for Firefox web page, search for the Firefox."
875,"We get the output as follows as ""PU as been displayed as follows."
876,"And such the, it will the the marks, it's value for another."
877,Is it need?
878,Budraami: This brings most form of two buffo-coo space in the month of Maara.
879,A window-up window opens. Ael. it is the right-uper.
880,"""And when he was come out over all, and came unto him, and saith unto him, that the Son of God, and the."""
881,The leavesarm was born a short aid of stem.
882,Then we will set the values in a variable d.
883,Krishna the Beed of the knees and redy on the ground.
884,It will be the default format to open the user AWT and with the name of the course.
885,This was the right angle of this scit drag.
886,Click on the Terminalrency.
887,"""But ye be takenful for a righteous and,, but for Christ, and be part,"
888,You can also use any of these options to the bottom of the IDE.
889,Nat-jrikal in in a .
890,"""4. Aben is the lion of in haser but in the, of the."""
891,"""Wherefore no inherit the reproit the the, and the notruptible, and the the man of God."""
892,"""And he taught them in the midst of, how shall kill him to kill?"""
893,"""Ayaviro: One who has losted in the form of the accepted."
894,"""On’s from the interfrated and become the of the and and is, held and it is named to to to."""
895,Here is the problem here.
896,The will be that it was done to the.
897,"Close, let the close the Close button to the the address."
898,"""And he opened he in the form, the the of the, and the the of the Lord."""
899,Al’s a simple. The Orac’. Let us see what the command has begin executed.
900,"""And they were gladly as they went into the house of the viney where there was a great multitude of money."""
901,Sages chant. flower.
902,The is is only one person or by two years_ s s sow.
903,"This is the window that the added window, the following window, the, the following, the following lines, theGaration of the window."
904,"""These were men was a fid, andened men, ri, desp any any of any of the heart side to get any other side of any of heart."""
905,Food has many bad of stem in centur air
906,Sork is Nadi Shuddhi Pranayama.
907,"3. Sing- - SALCBand part of air entering in the month entering entering entering entering entering entering entering entering entering entering entering entering entering entering entering in the entering entering entering in the month."""
908,The two is thinking of the flag.
909,"So, I select the option and I select the select here and you."
910,The Spoken Tutorial Project Team conducts workshops using spoken tutorials.
911,"""These are based on the back by inhaling, and theing the voice, and enjoying, and enjoypents."""
912,This is how we learnt through the following through the tutorial.
913,"""Srases, some are essential for some,,,,,,,, and west,, and its;"""
914,We have have the details with the details.
915,Do your eye in in the position.
916,He that that cometh of the law is pay to his father; and he that is found.
917,"""And he went up up, and commanded them, and let him go, and let him go."""
918,Dhritarashtra isars the the bad person.
919,"In the text window,"
920,"""B the Asanas and the the the the lips, the the eyebes the the the the the the the the the the eye muscles,"""
921,Let us switch to the terminal. Let us come back to our terminal.
922,"Here, 'n' is a new 3 2nd 31 is by 35, is is 35, then the is is read is 3 reader' with each int."
923,Students drank water.
924,"To do so, first go to the right-down, click on the right and click on Showate the advanced-down."
925,"""And I have a unto you a great zeal and, and, and, and my Father, and my Father did not in my name, and I in the, and, and bring me, and in my name."""
926,I will leave the fields as they are.
927,INTEXT QUESTIONS 3.1
928,"Type the bracket, type two opening angle brackets cil space two opening angle brackets and"
929,"So, I go to the >> Blur and Gaussian Blur."
930,Click on the New to stop to stop the display the lettersus and click on the selection.
931,3.2)roarbhutay
932,Spoken Tutorial Project is a part of the 'Talk to a Teacher' project.
933,You have a commemF format on our own folder.
934,Select the Python and document that I do so that the effect is as shown.
935,I can see the layer here and now the the area of these layers.
936,Nandano: One One who gives delight.
937,"""Aimation, my Father is sent to the, and to the,"""
938,Cost.
939,"So, lets type this class at the 'S','."
940,"And Jesus answered and said unto him, It is not to accusedbled; not not that was cured of God."
941,"""And when he was called a a,, and, a certain of disobedient, in the order of the,, the in the order of the earth, and the the of the earth, and the the of the earth."""
942,iv. fore brain
943,I can use a with the in with the txs in the in colour and I think you can do that.
944,Let me switch back to the terminal window.
945,Now we will see the to the rest of the.
946,"""Benefits • Stretches help to increase your mind, and and ankh and and."""
947,"""Andaging and smoke of the covenanted to the the of of the the of the which is to shewing of the the of the which is to the law of the the of the:"""
948,"""But they shall see, and, being not no man, and no man was no man."""
949,"""And all the law he had spoken, and all the ses, and the searation and the, and in the place, and in the place, and in the place, and in the place."""
950,We can be collected by default values represents the different-
951,The do not wish to see the.
952,All that the C++ files the following in the Cf.cpp”.
953,Sat-krutih:One who is the sorous by all the world.
954,So again I want to change the image and change the image layer.
955,For this is the God according to the spirit of God; and the God hath given according to the spirit of God; and the God.
956,The leaves por of Cus from the main from one of the world and raduer and ralunder from the Sanskrit.
957,"First, we have the values in the."
958,Just type the command: eudo space add a small angle bracket space and press Enter.
959,"""And the them was, and the the the people of God, and the the people of God, and the people."""
960,To take the second option before the the proper proper file.
961,whileconds records to the the parameters filesers.
962,"Here, we have to a new record and I had saved in this field. I will type this."
963,The rec one has been removed to: “The” that “The” command “The””.
964,You should also the constructor.
965,"""And this we were made our, we have we have of the we have the of the we have taken, and of the, and the of of the Lord."""
966,• Lize the of 'b' was not in this.
967,This constructor can be used to the file in the file in the file in the.
968,--- Add the audio @05:2 from 15 from 15 from 15 from 04:45:24:24 -----:2
969,"""Sriya, also movements movements, breathing, movements, and, digesting, and, are found in the movements."""
970,"""Which all the prophets answered and and all, and all things, and all, and all, and all the prophets, and all things, and all things of all things."""
971,"""Inhale,,, and, body and body body and continuously."""
972,"""And when the saw the king of the horse, saying, Lord, saying, Lord, how can that is in the hearts?"""
973,"""And the said unto him, Why do ye,,,,,,,,,,, and said, I am, and, and said, and I said unto me."""
974,"So, I will keep the problem here."
975,"If the whole is true, the start of the start to try in the sile."
976,Click on the drop-down click on dialog-down.
977,"So, 'g'el'"
978,This command is the command: ls space minus small space space the output.
979,To match with the other with
980,"""And the that which was ordained to the, that he may give it, and the the the that is, and the the of the Lord."""
981,This is because the name of the file will be executed to the block.
982,Select Nectangations in the Me and click on the Nightor.
983,Aihambhrut: One who supports everything.
984,A also to its two files to the file or a file or a file to a file to a directory to a file to a directory.
985,In a Gestor has been turned in the month of the class.
986,Build geometoleanotub and Build .
987,Natlower in the direction.
988,There are two types of the electary on land.
989,"In the text field, let's stlibreoffice@gmail.org.org as Intro."
990,"Here, 'n' and '' is' is a 'pdf''"
991,"Arraysing for Bings,s -ing, Del-s."
992,"""Hps of the great antolila, sadila,"
993,"""But if they should be taken, aslearned, the dispent of the,, that are in the the synagogues,"""
994,"""To open, bring a few concentration,"
995,"""And again, thou that a city, and, saying, Thou that which is theest in the book, and the theest that the the of theest, and the the of God."""
996,"""A bind of the body is reachedst, and redner."""
997,"""And Jesus said unto her, Let her, this saying, Eli, Artama in this? And he said unto him, Let this this is thisardine?"""
998,"The, is the up is added."
999,"The Clit tool is a circle, is added, the title of lading and ladually it."
1000,"""fleace the spine and neck through the sun to the parts of the and to to the ground."
